Chr,SNP,Pos,Ref,Alt,Pval,Ensembl_ID,Gene_Name,Consequence,ClinSig,CADD
17,rs149353840,11446,T,C,2.07254e-05,,,,,2.501
17,rs149353840,11446,T,C,2.07254e-05,,,,,
17,rs149353840,11446,T,C,2.07254e-05,ENSG00000272636,,intron_variant,,2.501
17,rs149353840,11446,T,C,2.07254e-05,ENSG00000272636,,intron_variant,,
17,rs148031487,7293,C,T,3.54888e-05,,,,,6.135
17,rs148031487,7293,C,T,3.54888e-05,ENSG00000272636,,intron_variant,,6.135
4,,166577,ACT,A,0.000187818,,,,,
15,,22326729,CAA,C,0.000246499,,,,,
15,,22321681,GA,G,0.00042267,,,,,
14,,19182660,A,G,0.000830345,,,,,
17,rs544033608,65769,C,T,0.000870941,ENSG00000181031,,intron_variant,,
13,rs181312699,19024509,C,T,0.000889457,,,,,
13,rs181312699,19024509,C,T,0.000889457,,,,,0.929
13,rs181312699,19024509,C,T,0.000889457,,,,,
18,rs377084687,110024,C,T,0.000967782,,,,,
18,rs377084687,110024,C,T,0.000967782,,,,,
18,rs377084687,110024,C,T,0.000967782,,,,,
15,rs111535576,22319115,C,T,0.000972313,,,,,1.871
15,rs111535576,22319115,C,T,0.000972313,,,,,1.871
13,rs549565912,19047934,C,A,0.00104481,,,,,
13,rs549565912,19047934,C,A,0.00104481,,,,,
17,rs140176553,64872,G,A,0.00115852,,,,,3.522
17,rs140176553,64872,G,A,0.00115852,ENSG00000181031,,intron_variant,,3.522
17,rs8075084,82081,G,A,0.00119223,ENSG00000181031,,intron_variant,,1.164
17,rs8075084,82081,G,A,0.00119223,,,,,1.164
1,rs147281566,775125,C,T,0.00153092,,,,,0.216
17,rs74559238,81768,G,A,0.00156349,ENSG00000181031,,intron_variant,,3.179
17,rs74559238,81768,G,A,0.00156349,ENSG00000181031,,intron_variant,,
17,rs74559238,81768,G,A,0.00156349,,,,,3.179
17,rs74559238,81768,G,A,0.00156349,,,,,
15,rs113492646,22310511,T,G,0.00168668,,,,,
1,rs116390263,772927,C,T,0.00175844,,,,,2.146
9,,178937,C,T,0.00179467,,,,,
4,rs79746394,166530,A,C,0.00179901,,,,,0.822
17,rs112829622,86220,G,A,0.00188341,ENSG00000181031,,intron_variant,,
17,rs112829622,86220,G,A,0.00188341,ENSG00000181031,,intron_variant,,0.482
17,rs112829622,86220,G,A,0.00188341,,,,,
17,rs112829622,86220,G,A,0.00188341,,,,,0.482
20,,74543,A,AT,0.00189323,,,,,
1,rs547227933,60249,C,T,0.0019761,,,,,
1,rs547227933,60249,C,T,0.0019761,,,,,
16,rs2974765,213775,A,G,0.00214685,,,,,
16,rs2974765,213775,A,G,0.00214685,,,,,
21,rs199541755,14406915,A,AAT,0.00223874,,,,,
21,rs199541755,14406915,A,AAT,0.00223874,,,,,
15,rs112212114,22309649,G,T,0.00255613,,,,,5.696
1,rs534719873,564495,C,T,0.00277826,,,,,9.396
1,rs534719873,564495,C,T,0.00277826,,,,,10.82
20,,79112,GT,G,0.00317118,,,,,
9,,168828,C,T,0.00357189,,,,,
15,rs267626,22389706,G,A,0.00399875,,,,,
15,rs267626,22389706,G,A,0.00399875,,,,,1.56
22,rs577396055,16892537,C,T,0.00421824,,,,,
22,rs577396055,16892537,C,T,0.00421824,,,,,
22,rs577396055,16892537,C,T,0.00421824,,,,,
22,rs577396055,16892537,C,T,0.00421824,,,,,
6,rs9405192,382537,G,A,0.00447282,,IRF4,,,2.467
6,rs9405192,382537,G,A,0.00447282,,IRF4,,,
6,rs9405192,382537,G,A,0.00447282,,,,,
6,rs9405192,382537,G,A,0.00447282,,,,,2.467
6,rs9405192,382537,G,A,0.00447282,,,,,
6,rs9405192,382537,G,A,0.00447282,,IRF4,,,
15,rs148971194,22493269,C,T,0.00468879,,,,,6.638
15,,22476083,T,TAGTC,0.0050649,,,,,
13,rs186002753,19075818,T,C,0.00509424,,,,,0.784
9,rs115610637,214719,C,T,0.00512238,,"LOC130001435,DOCK8-AS1,DOCK8",,Likely benign,16.81
17,rs55708782,81076,G,T,0.00527298,ENSG00000181031,,intron_variant,,0.906
17,rs55708782,81076,G,T,0.00527298,,,,,0.906
5,rs566671717,44025,C,T,0.00533455,,,,,
5,rs35984149,105262,C,T,0.00545581,ENSG00000153404,,intron_variant,,0.355
6,rs7773324,382559,G,A,0.00560165,,"IRF4,DUSP22",,,0.945
6,rs7773324,382559,G,A,0.00560165,,"IRF4,DUSP22",,,
6,rs371210256,306888,G,C,0.00569652,ENSG00000112679,,intron_variant,,
6,rs371210256,306888,G,C,0.00569652,ENSG00000112679,,intron_variant,,
17,rs117908208,49868,T,C,0.00571181,,,,,2.46
17,rs117908208,49868,T,C,0.00571181,,,,,2.46
5,rs77939188,151267,C,G,0.00584743,ENSG00000153404,,intron_variant,,4.735
17,rs78505049,81349,G,A,0.00593872,ENSG00000181031,,intron_variant,,2.296
17,rs78505049,81349,G,A,0.00593872,,,,,2.296
17,rs550529771,26187,G,A,0.00599817,ENSG00000272636,,intron_variant,,
17,rs550529771,26187,G,A,0.00599817,,,,,
9,rs117069610,174429,C,T,0.00600072,ENSG00000172785,,intron_variant,,2.562
9,rs117069610,174429,C,T,0.00600072,ENSG00000172785,,intron_variant,,
1,rs184249808,713337,G,A,0.00604884,,,,,6.039
17,rs80354173,81254,G,A,0.00605792,,,,,5.528
17,rs80354173,81254,G,A,0.00605792,ENSG00000181031,,intron_variant,,5.528
14,rs374836567,19146922,A,G,0.00608354,,,,,
1,rs146709693,773136,G,T,0.00609578,,,,,0.034
3,rs139307681,63874,C,T,0.00611176,,,,,3.319
14,rs138993271,20257040,G,A,0.00616119,,,,,3.998
6,rs9378774,382897,A,G,0.00617767,,,,,
6,rs9378774,382897,A,G,0.00617767,,,,,0.94
17,rs532352200,26184,C,G,0.00628273,,,,,
17,rs532352200,26184,C,G,0.00628273,ENSG00000272636,,intron_variant,,
17,rs532352200,26184,C,G,0.00628273,ENSG00000272636,,intron_variant,,
17,rs532352200,26184,C,G,0.00628273,,,,,
1,rs561728059,568823,C,T,0.00643483,,,,,
1,rs527519500,568824,C,T,0.00643483,,,,,
1,rs527519500,568824,C,T,0.00643483,,,,,
14,rs537655818,19240426,C,T,0.00656417,,,,,
1,rs569746808,840226,G,GT,0.00671222,,,,,
18,rs4797697,139767,C,T,0.00685841,,,,,
18,rs4797697,139767,C,T,0.00685841,,,,,0.587
18,rs4797697,139767,C,T,0.00685841,,,,,
14,rs71238197,19252199,G,A,0.00696401,,,,,2.874
1,rs138782671,775135,G,C,0.00715886,,,,,0.196
14,,19323492,C,T,0.0073818,,,,,
6,rs1033180,383546,C,T,0.00742733,,IRF4,,,0.021
18,rs8087638,139489,T,C,0.00744175,,,,,1.266
18,rs8087638,139489,T,C,0.00744175,,,,,
9,,140327,G,C,0.0074546,,,,,
5,rs150197668,60529,T,G,0.00764935,,,,,1.019
5,rs150197668,60529,T,G,0.00764935,,,,,
5,rs150197668,60529,T,G,0.00764935,,,,,
18,rs7232480,143973,C,T,0.00774881,,,,,0.375
22,rs573374565,16340493,T,C,0.00776788,,,,,
18,,148621,CT,C,0.00888241,,,,,
1,rs528695989,749707,A,G,0.00911114,,,,,
1,rs528695989,749707,A,G,0.00911114,,,,,
5,rs147515695,74151,C,T,0.00955433,,,,,2.355
13,rs201528007,19157081,C,CTTTA,0.0100372,,,,,
13,rs201528007,19157081,C,CTTTA,0.0100372,,,,,
6,rs574870654,302124,A,G,0.0100826,ENSG00000112679,,intron_variant,,
1,rs142049927,773124,T,C,0.0102329,,,,,
1,rs142049927,773124,T,C,0.0102329,,,,,1.601
15,rs146649393,20178256,A,T,0.0108471,,,,,7.606
15,rs146649393,20178256,A,T,0.0108471,,,,,7.606
18,rs7238376,142353,T,C,0.0109111,,,,,0.262
16,,149633,CAA,C,0.0109731,,,,,
16,rs55892571,161586,T,G,0.0112071,ENSG00000103148,,intron_variant,,3.509
18,rs59741346,146953,C,T,0.0112095,,,,,3.913
18,rs2212583,129661,G,A,0.0112161,,,,,0.849
18,rs12966698,131046,A,C,0.0113505,,,,,
18,rs12966698,131046,A,C,0.0113505,,,,,
9,,179063,C,G,0.0126188,,,,,
18,rs3909689,130168,T,C,0.0127182,,,,,6.665
18,rs4797565,129218,A,G,0.0128611,,,,,1.32
18,rs73362370,129123,C,T,0.0129766,,,,,
18,rs73362370,129123,C,T,0.0129766,,,,,1.713
18,rs2847074,128929,G,A,0.0130628,,,,,2.262
6,rs762387206,235813,G,GAAAT,0.0131789,,,,,
6,rs762387206,235813,G,GAAAT,0.0131789,,,,,
6,rs762387206,235813,G,GAAAT,0.0131789,,,,,
6,rs762387206,235813,G,GAAAT,0.0131789,,,,,
6,rs78346454,368628,A,G,0.0132621,,,,,0.144
6,rs78346454,368628,A,G,0.0132621,,,,,
9,rs532560059,147224,T,C,0.0137923,ENSG00000172785,,intron_variant,,
18,rs11081070,47434,C,T,0.0140557,ENSG00000173213,,missense_variant,,13.43
22,rs555798220,16358819,A,G,0.0140691,,,,,
22,rs555798220,16358819,A,G,0.0140691,,,,,
16,rs62032626,176157,C,T,0.0142605,ENSG00000103148,,intron_variant,,5.278
7,rs372123099,77112,T,C,0.0145881,,,,,0.152
7,rs372123099,77112,T,C,0.0145881,,,,,0.152
7,rs372123099,77112,T,C,0.0145881,,,,,0.152
7,rs372123099,77112,T,C,0.0145881,,,,,0.152
22,rs131539,16871318,A,G,0.0147884,,,,,
22,rs131539,16871318,A,G,0.0147884,,,,,9.896
22,rs131539,16871318,A,G,0.0147884,,,,,9.896
22,rs131539,16871318,A,G,0.0147884,,,,,
18,rs71358703,128431,A,G,0.0149582,,,,,
18,rs71358703,128431,A,G,0.0149582,,,,,2.302
18,rs71358703,128431,A,G,0.0149582,,,,,
9,,178919,C,T,0.0149601,,,,,
21,rs199929807,14460207,G,A,0.015207,,,,,
21,rs199929807,14460207,G,A,0.015207,,,,,
6,rs149180082,237613,C,T,0.015323,,,,,
6,rs149180082,237613,C,T,0.015323,,,,,0.034
9,rs2492217,117800,G,T,0.0154107,ENSG00000170122,,missense_variant,,3.999
9,rs2492217,117800,G,T,0.0154107,ENSG00000170122,,missense_variant,,20.9
20,rs16987437,72892,G,A,0.015526,ENSG00000178591,,intron_variant,,8.487
20,rs16987437,72892,G,A,0.015526,ENSG00000178591,,intron_variant,,
18,rs57145108,147507,T,G,0.0156452,,,,,6.012
18,rs57145108,147507,T,G,0.0156452,,,,,
18,rs188028624,147505,C,T,0.0156927,,,,,5.059
18,rs188028624,147505,C,T,0.0156927,,,,,
18,rs58133347,147500,A,G,0.0157149,,,,,4.871
18,rs71356700,127917,T,C,0.0161195,,,,,5.149
2,rs56154137,146182,G,C,0.0161261,,,,,0.273
9,rs7040250,172401,T,G,0.0162086,ENSG00000172785,,intron_variant,,8.224
9,rs7040250,172401,T,G,0.0162086,ENSG00000172785,,intron_variant,,
9,rs138280912,173906,G,T,0.016229,ENSG00000172785,,intron_variant,,
9,rs138280912,173906,G,T,0.016229,ENSG00000172785,,intron_variant,,4.459
22,rs131542,16871863,C,T,0.0162836,,,,,3.669
22,rs131542,16871863,C,T,0.0162836,,,,,3.669
16,rs8051955,175726,G,A,0.0165333,ENSG00000103148,,intron_variant,,1.156
7,rs13237783,110647,T,C,0.0165709,,,,,
7,rs13237783,110647,T,C,0.0165709,,,,,2.098
7,rs13237783,110647,T,C,0.0165709,,,,,2.098
7,rs13237783,110647,T,C,0.0165709,,,,,
7,rs13237783,110647,T,C,0.0165709,,,,,2.098
7,rs13237783,110647,T,C,0.0165709,,,,,
7,rs13237783,110647,T,C,0.0165709,,,,,2.098
7,rs13237783,110647,T,C,0.0165709,,,,,
7,rs13237783,110647,T,C,0.0165709,,,,,
7,rs13237783,110647,T,C,0.0165709,,,,,
7,rs13237783,110647,T,C,0.0165709,,,,,
7,rs13237783,110647,T,C,0.0165709,,,,,
9,rs62532037,181859,G,C,0.0166668,,,,,0.185
8,rs192289302,207021,C,T,0.0169954,,,,,1.412
18,rs71356699,127806,G,A,0.017019,,,,,0.057
18,rs12960455,119689,A,G,0.0171885,,,,,7.005
18,rs12960455,119689,A,G,0.0171885,,,,,
18,,74987,CA,C,0.0172209,,,,,
7,rs34007723,100531,T,C,0.0173342,,,,,1.464
7,rs34007723,100531,T,C,0.0173342,,,,,1.464
7,rs34007723,100531,T,C,0.0173342,,,,,1.464
7,rs34007723,100531,T,C,0.0173342,,,,,1.464
16,rs60125383,176446,T,A,0.017559,ENSG00000103148,,intron_variant,,4.102
16,rs60125383,176446,T,A,0.017559,ENSG00000103148,,intron_variant,,
22,,16633240,CT,C,0.0177951,,,,,
18,rs552445775,88077,C,G,0.0179567,,,,,
18,rs552445775,88077,C,G,0.0179567,,,,,
18,rs552445775,88077,C,G,0.0179567,,,,,
22,rs7287877,16854402,C,G,0.0180477,,,,,
22,rs7287877,16854402,C,G,0.0180477,,,,,
22,rs7287877,16854402,C,G,0.0180477,,,,,
22,rs7287877,16854402,C,G,0.0180477,,,,,
22,rs7287877,16854402,C,G,0.0180477,,,,,
22,rs7287877,16854402,C,G,0.0180477,,,,,
16,rs11866877,170044,G,A,0.0181191,ENSG00000103148,,intron_variant,,2.589
16,rs11866877,170044,G,A,0.0181191,ENSG00000103148,,intron_variant,,
16,rs112851473,213347,A,C,0.0181348,,,,,
16,rs112851473,213347,A,C,0.0181348,,,,,
7,rs34787986,100742,C,T,0.0182338,,,,,
7,rs34787986,100742,C,T,0.0182338,,,,,2.627
7,rs34787986,100742,C,T,0.0182338,,,,,2.627
7,rs34787986,100742,C,T,0.0182338,,,,,
7,rs34787986,100742,C,T,0.0182338,,,,,
7,rs34787986,100742,C,T,0.0182338,,,,,2.627
7,rs34787986,100742,C,T,0.0182338,,,,,
7,rs34787986,100742,C,T,0.0182338,,,,,2.627
16,rs2238368,170328,C,T,0.0182661,ENSG00000103148,,intron_variant,,4.911
16,rs2238368,170328,C,T,0.0182661,ENSG00000103148,NPRL3,intron_variant,,4.911
17,rs146699025,38512,G,C,0.0183411,,,,,0.154
17,rs146699025,38512,G,C,0.0183411,,,,,0.154
18,rs113634458,147379,A,C,0.0183681,,,,,0.789
18,rs113634458,147379,A,C,0.0183681,,,,,
7,rs35174522,100278,T,C,0.0184521,,,,,0.904
7,rs35174522,100278,T,C,0.0184521,,,,,0.904
7,rs35174522,100278,T,C,0.0184521,,,,,
7,rs35174522,100278,T,C,0.0184521,,,,,
7,rs35174522,100278,T,C,0.0184521,,,,,0.904
7,rs35174522,100278,T,C,0.0184521,,,,,
7,rs35174522,100278,T,C,0.0184521,,,,,
7,rs35174522,100278,T,C,0.0184521,,,,,0.904
7,rs34631844,101132,C,T,0.0184756,,,,,0.94
7,rs34631844,101132,C,T,0.0184756,,,,,0.94
7,rs34631844,101132,C,T,0.0184756,,,,,0.94
7,rs34631844,101132,C,T,0.0184756,,,,,0.94
18,rs183781350,83147,A,G,0.0185544,,,,,
18,rs183781350,83147,A,G,0.0185544,,,,,5.088
22,rs140374,16871080,C,A,0.0188036,,,,,10.88
22,rs140374,16871080,C,A,0.0188036,,,,,
22,rs140374,16871080,C,A,0.0188036,,,,,10.88
22,rs140374,16871080,C,A,0.0188036,,,,,
22,rs131525,16869511,G,A,0.018868,,,,,2.021
22,rs131525,16869511,G,A,0.018868,,,,,2.021
14,,19618995,C,T,0.018898,,,,,
8,rs182958667,155737,A,C,0.0190397,,,,,
8,rs182958667,155737,A,C,0.0190397,,,,,7.207
22,rs5748858,16855038,A,G,0.0190553,,,,,
22,rs5748858,16855038,A,G,0.0190553,,,,,
22,rs5748858,16855038,A,G,0.0190553,,,,,10.22
22,rs5748858,16855038,A,G,0.0190553,,,,,10.22
9,rs531333270,197210,C,A,0.0190739,,,,,
9,rs531333270,197210,C,A,0.0190739,,,,,
19,rs143652011,347918,C,G,0.0191408,,,,,1.207
15,rs71469051,22532059,G,A,0.0191686,,,,,
6,rs143712438,345007,C,T,0.0192775,ENSG00000112679,,intron_variant,,4.655
9,,156274,T,A,0.0194467,,,,,
20,,70484,CTCTT,C,0.0195866,,,,,
9,rs535189826,149924,C,A,0.0196097,ENSG00000172785,,intron_variant,,
9,rs535189826,149924,C,A,0.0196097,ENSG00000172785,,intron_variant,,
9,,150048,T,A,0.0196572,,,,,
20,rs60263736,70980,G,A,0.0196642,ENSG00000178591,,intron_variant,,3.229
15,,22324168,CTT,C,0.0197006,,,,,
16,rs111857421,213342,A,G,0.0197564,,,,,
16,rs111857421,213342,A,G,0.0197564,,,,,
16,rs111857421,213342,A,G,0.0197564,,,,,
12,,181740,C,T,0.0197928,,,,,
16,rs3785309,212649,C,T,0.0198581,,HBM,,,3.538
16,rs3785309,212649,C,T,0.0198581,,,,,3.538
8,rs184817761,207023,C,T,0.0199128,,,,,
8,rs184817761,207023,C,T,0.0199128,,,,,1.216
7,rs35606813,95031,C,T,0.0199743,,,,,0.535
7,rs35606813,95031,C,T,0.0199743,,,,,0.535
7,rs35606813,95031,C,T,0.0199743,,,,,
7,rs35606813,95031,C,T,0.0199743,,,,,0.535
7,rs35606813,95031,C,T,0.0199743,,,,,
7,rs35606813,95031,C,T,0.0199743,,,,,
7,rs35606813,95031,C,T,0.0199743,,,,,0.535
7,rs35606813,95031,C,T,0.0199743,,,,,
6,rs142999736,231269,T,C,0.0201694,,,,,0.334
18,,50166,AC,A,0.0202842,,,,,
9,,152404,C,G,0.0203046,,,,,
9,rs2998961,170327,G,T,0.0205465,ENSG00000172785,,intron_variant,,0.844
17,rs142178058,29151,T,G,0.0206326,ENSG00000272636,,intron_variant,,4.029
17,rs142178058,29151,T,G,0.0206326,,,,,4.029
5,rs76662915,93817,G,T,0.0206685,ENSG00000153404,,intron_variant,,
5,rs76662915,93817,G,T,0.0206685,ENSG00000153404,,intron_variant,,0.896
15,rs369319483,22526039,G,A,0.0208269,,,,,
15,rs369319483,22526039,G,A,0.0208269,,,,,
7,rs12718082,97184,C,T,0.0209161,,,,,
7,rs12718082,97184,C,T,0.0209161,,,,,
7,rs12718082,97184,C,T,0.0209161,,,,,
7,rs12718082,97184,C,T,0.0209161,,,,,6.007
7,rs12718082,97184,C,T,0.0209161,,,,,6.007
7,rs12718082,97184,C,T,0.0209161,,,,,
7,rs12718082,97184,C,T,0.0209161,,,,,6.007
7,rs12718082,97184,C,T,0.0209161,,,,,
7,rs12718082,97184,C,T,0.0209161,,,,,6.007
7,rs12718082,97184,C,T,0.0209161,,,,,
7,rs12718082,97184,C,T,0.0209161,,,,,
7,rs12718082,97184,C,T,0.0209161,,,,,
16,rs8047658,175727,C,T,0.0210278,ENSG00000103148,,intron_variant,,3.912
16,rs12925761,176376,C,T,0.0211838,ENSG00000103148,,intron_variant,,1.811
16,rs12925761,176376,C,T,0.0211838,ENSG00000103148,,intron_variant,,
8,rs149001011,204250,G,A,0.0214307,,,,,10.87
7,rs34628695,96375,G,A,0.0214473,,,,,
7,rs34628695,96375,G,A,0.0214473,,,,,0.649
7,rs34628695,96375,G,A,0.0214473,,,,,
7,rs34628695,96375,G,A,0.0214473,,,,,
7,rs34628695,96375,G,A,0.0214473,,,,,0.649
7,rs34628695,96375,G,A,0.0214473,,,,,
7,rs34628695,96375,G,A,0.0214473,,,,,
7,rs34628695,96375,G,A,0.0214473,,,,,
7,rs34628695,96375,G,A,0.0214473,,,,,
7,rs34628695,96375,G,A,0.0214473,,,,,0.649
7,rs34628695,96375,G,A,0.0214473,,,,,0.649
7,rs34628695,96375,G,A,0.0214473,,,,,
9,,164831,C,T,0.021591,,,,,
9,rs62532038,182702,G,C,0.0215948,,,,,
9,rs62532038,182702,G,C,0.0215948,,,,,0.63
9,rs62532038,182702,G,C,0.0215948,,,,,
9,,153203,T,C,0.0217114,,,,,
16,rs2541622,136258,A,G,0.0217274,ENSG00000103148,,3_prime_UTR_variant,,1.522
16,rs2541622,136258,A,G,0.0217274,ENSG00000103148,,3_prime_UTR_variant,,
18,rs544345655,24472,G,T,0.0218462,,,,,
20,rs115289920,156024,C,A,0.0218843,,,,,3.378
15,rs147036292,22646342,G,A,0.0218895,,,,,0.808
15,rs147036292,22646342,G,A,0.0218895,,,,,
15,rs147036292,22646342,G,A,0.0218895,,,,,0.808
15,rs147036292,22646342,G,A,0.0218895,,,,,0.808
15,rs147036292,22646342,G,A,0.0218895,,,,,
15,rs147036292,22646342,G,A,0.0218895,,,,,
15,rs554499203,22646339,T,A,0.0218895,,,,,
15,rs554499203,22646339,T,A,0.0218895,,,,,
15,rs554499203,22646339,T,A,0.0218895,,,,,
20,rs149431481,156033,A,G,0.0218908,,,,,3.947
16,,150704,AT,A,0.0219472,,,,,
7,rs34045250,96312,C,T,0.0222333,,,,,
7,rs34045250,96312,C,T,0.0222333,,,,,0.954
7,rs34045250,96312,C,T,0.0222333,,,,,0.954
7,rs34045250,96312,C,T,0.0222333,,,,,
7,rs34045250,96312,C,T,0.0222333,,,,,0.954
7,rs34045250,96312,C,T,0.0222333,,,,,
7,rs34045250,96312,C,T,0.0222333,,,,,0.954
7,rs34045250,96312,C,T,0.0222333,,,,,
7,rs36041124,96253,A,G,0.0222339,,,,,
7,rs36041124,96253,A,G,0.0222339,,,,,1.368
7,rs36041124,96253,A,G,0.0222339,,,,,
7,rs36041124,96253,A,G,0.0222339,,,,,1.368
7,rs36041124,96253,A,G,0.0222339,,,,,
7,rs36041124,96253,A,G,0.0222339,,,,,1.368
7,rs36041124,96253,A,G,0.0222339,,,,,
7,rs36041124,96253,A,G,0.0222339,,,,,1.368
17,rs7207457,65632,C,T,0.0223974,ENSG00000181031,,intron_variant,,5.148
17,rs7207457,65632,C,T,0.0223974,,,,,5.148
17,rs7207457,65632,C,T,0.0223974,ENSG00000181031,,intron_variant,,
17,rs7207457,65632,C,T,0.0223974,,,,,
17,rs7207457,65632,C,T,0.0223974,,,,,
17,rs7207457,65632,C,T,0.0223974,ENSG00000181031,,intron_variant,,
12,rs2291918,280761,C,T,0.02248,,,,,
12,rs2291918,280761,C,T,0.02248,,,,,2.971
12,rs2291918,280761,C,T,0.02248,ENSG00000120645,,intron_variant,,
12,rs2291918,280761,C,T,0.02248,ENSG00000120645,,intron_variant,,2.971
22,rs131536,16870890,C,T,0.0228858,,,,,8.559
22,rs131536,16870890,C,T,0.0228858,,,,,8.559
22,rs1807482,16862744,A,T,0.022933,,,,,
22,rs1807482,16862744,A,T,0.022933,,,,,2.341
22,rs1807482,16862744,A,T,0.022933,,,,,
22,rs1807482,16862744,A,T,0.022933,,,,,
22,rs1807482,16862744,A,T,0.022933,,,,,
22,rs1807482,16862744,A,T,0.022933,,,,,2.341
16,rs2541623,136142,C,T,0.0231797,ENSG00000103148,,3_prime_UTR_variant,,5.534
14,rs369437215,19455677,A,C,0.0232748,,,,,
22,,16872891,G,C,0.0235053,,,,,
16,,163085,GAAC,G,0.0235505,,,,,
10,rs149830170,210263,C,T,0.0235852,ENSG00000015171,,intron_variant,,3.795
22,rs131523,16869223,G,A,0.0237168,,,,,1.795
22,rs131523,16869223,G,A,0.0237168,,,,,
22,rs131523,16869223,G,A,0.0237168,,,,,1.795
22,rs131523,16869223,G,A,0.0237168,,,,,
9,,155450,A,C,0.0238462,,,,,
9,,155141,T,C,0.0238849,,,,,
9,,149253,A,T,0.0240101,,,,,
22,rs131533,16870425,C,T,0.0241449,,,,,
22,rs131533,16870425,C,T,0.0241449,,,,,0.269
22,rs131533,16870425,C,T,0.0241449,,,,,0.269
22,rs131533,16870425,C,T,0.0241449,,,,,
22,rs131529,16870162,G,A,0.0242215,,,,,
22,rs131529,16870162,G,A,0.0242215,,,,,
22,rs131529,16870162,G,A,0.0242215,,,,,2.197
22,rs131529,16870162,G,A,0.0242215,,,,,
22,rs131529,16870162,G,A,0.0242215,,,,,2.197
22,rs131529,16870162,G,A,0.0242215,,,,,
9,,163628,CAA,C,0.0242368,,,,,
22,rs140373,16870381,G,A,0.0244129,,,,,0.427
22,rs140373,16870381,G,A,0.0244129,,,,,0.427
18,rs563840200,43564,G,A,0.0245552,,,,,
22,rs131530,16870214,G,A,0.024601,,,,,10.53
22,rs131530,16870214,G,A,0.024601,,,,,
22,rs131530,16870214,G,A,0.024601,,,,,10.53
22,rs131530,16870214,G,A,0.024601,,,,,
9,rs2592419,171726,A,G,0.0249472,ENSG00000172785,,intron_variant,,2.093
22,rs131528,16870108,C,T,0.0249791,,,,,3.142
22,rs131528,16870108,C,T,0.0249791,,,,,3.142
22,rs131528,16870108,C,T,0.0249791,,,,,
22,rs131528,16870108,C,T,0.0249791,,,,,
16,rs878381,138032,C,T,0.0253894,ENSG00000103148,,intron_variant,,
16,rs878381,138032,C,T,0.0253894,ENSG00000103148,,intron_variant,,4.36
18,rs6505743,132671,G,T,0.0255015,,,,,0.154
9,rs3897365,165080,T,C,0.0255358,ENSG00000172785,,intron_variant,,18.68
10,rs9645540,164417,A,C,0.0256072,,,,,0.958
18,rs7230158,142346,G,A,0.0256101,,,,,0.176
9,,172470,AAACC,A,0.0256524,,,,,
9,rs62531965,166733,T,C,0.0258124,ENSG00000172785,,intron_variant,,12.12
9,rs62531965,166733,T,C,0.0258124,ENSG00000172785,,intron_variant,,
18,rs6505748,133011,G,A,0.0258688,,,,,0.847
5,rs796342675,83899,A,G,0.0259548,,,,,
5,rs796342675,83899,A,G,0.0259548,,,,,
19,rs73916876,307820,A,G,0.0262911,ENSG00000105556,,intron_variant,,
19,rs73916876,307820,A,G,0.0262911,ENSG00000105556,,intron_variant,,
1,rs181876450,736689,T,C,0.0262911,,,,,9.677
9,rs2023402,215511,C,T,0.0263899,ENSG00000107099,,intron_variant,,10.75
18,rs60038451,121139,G,T,0.0265214,,,,,3.827
18,rs60038451,121139,G,T,0.0265214,,,,,5.748
20,rs35721811,136461,G,A,0.0265449,,,,,0.825
3,rs74734990,118497,C,A,0.0265971,,,,,3.249
16,rs2283464,150764,G,A,0.0267231,ENSG00000103148,"NPRL3,HBA-LCR",intron_variant,,
16,rs2283464,150764,G,A,0.0267231,ENSG00000103148,"NPRL3,HBA-LCR",intron_variant,,
16,rs2283464,150764,G,A,0.0267231,ENSG00000103148,"NPRL3,HBA-LCR",intron_variant,Benign,0.203
9,,160229,G,A,0.0267962,,,,,
20,rs74672635,144050,C,A,0.0269014,,,,,8.569
17,rs555544928,70647,C,A,0.0269288,,,,,
17,rs555544928,70647,C,A,0.0269288,ENSG00000181031,,intron_variant,,
9,rs148468168,159788,G,A,0.0269851,ENSG00000172785,,intron_variant,,7.228
18,rs544981312,147406,A,G,0.0270719,,,,,
18,rs200918145,147401,A,G,0.0270778,,,,,
9,rs2785383,172279,G,A,0.0271061,ENSG00000172785,,intron_variant,,
9,rs2785383,172279,G,A,0.0271061,ENSG00000172785,,intron_variant,,5.538
9,rs2785383,172279,G,A,0.0271061,ENSG00000172785,,intron_variant,,
9,rs541634219,159344,A,G,0.0271095,ENSG00000172785,,intron_variant,,
9,rs146777319,161674,C,T,0.0272599,ENSG00000172785,,intron_variant,,1.454
20,rs35246820,164741,A,G,0.0273063,,,,,
20,rs35246820,164741,A,G,0.0273063,,,,,11.68
9,rs146005932,163275,C,G,0.0273336,ENSG00000172785,,intron_variant,,
9,rs146005932,163275,C,G,0.0273336,ENSG00000172785,,intron_variant,,0.756
6,rs764687438,235808,A,AGAAC,0.0273838,,,,,
9,rs2592413,177578,G,A,0.0274068,ENSG00000172785,,intron_variant,,
9,rs2592413,177578,G,A,0.0274068,ENSG00000172785,,intron_variant,,3.679
18,rs55703514,131139,C,T,0.0274216,,,,,
18,rs55703514,131139,C,T,0.0274216,,,,,0.789
9,,156378,T,C,0.0275821,,,,,
16,rs12931752,159710,C,A,0.0276126,ENSG00000103148,,intron_variant,,3.916
5,rs4957025,78954,C,A,0.027642,,,,,6.504
5,rs4957025,78954,C,A,0.027642,,,,,
7,rs35501125,96359,G,A,0.0277118,,,,,0.645
7,rs35501125,96359,G,A,0.0277118,,,,,
7,rs35501125,96359,G,A,0.0277118,,,,,
7,rs35501125,96359,G,A,0.0277118,,,,,
7,rs35501125,96359,G,A,0.0277118,,,,,0.645
7,rs35501125,96359,G,A,0.0277118,,,,,
7,rs35501125,96359,G,A,0.0277118,,,,,0.645
7,rs35501125,96359,G,A,0.0277118,,,,,
7,rs35501125,96359,G,A,0.0277118,,,,,
7,rs35501125,96359,G,A,0.0277118,,,,,
7,rs35501125,96359,G,A,0.0277118,,,,,
7,rs35501125,96359,G,A,0.0277118,,,,,0.645
20,rs35089290,168781,G,T,0.0280532,ENSG00000185982,,intron_variant,,13.87
14,rs374384267,19000368,C,T,0.0281275,,,,,
14,rs374384267,19000368,C,T,0.0281275,,,,,
14,rs374384267,19000368,C,T,0.0281275,,,,,
9,rs138057646,174079,G,A,0.0282406,ENSG00000172785,,intron_variant,,1.396
9,rs2152660,176605,C,G,0.0284214,ENSG00000172785,,intron_variant,,3.492
6,rs35049359,224813,C,CA,0.0284675,,,,,
9,rs191731349,173751,G,A,0.0285919,ENSG00000172785,,intron_variant,,2.53
9,rs191731349,173751,G,A,0.0285919,ENSG00000172785,,intron_variant,,
9,rs62532015,171299,T,C,0.0286051,ENSG00000172785,,intron_variant,,0.106
15,rs11632475,22392177,C,T,0.0286069,,,,,0.987
18,rs56005815,147138,T,C,0.028612,,,,,3.03
15,rs12440521,22571817,C,A,0.0286378,,,,,1.964
6,rs116713051,226393,C,T,0.0288151,,,,,5.263
20,rs35750477,166310,A,G,0.0292202,,,,,2.223
12,rs3847946,276019,C,T,0.0293494,ENSG00000120645,,intron_variant,,2.284
12,rs3847946,276019,C,T,0.0293494,,,,,2.284
18,rs199862612,128807,T,A,0.0295475,,,,,
16,rs11248850,163598,G,A,0.0296189,ENSG00000103148,"NPRL3,KIF22",intron_variant,,
16,rs11248850,163598,G,A,0.0296189,ENSG00000103148,"NPRL3,KIF22",intron_variant,,6.452
6,rs71550004,376962,C,T,0.0296755,,,,,1.925
9,rs377357650,176900,A,G,0.0297305,ENSG00000172785,,intron_variant,,
18,rs55685325,53935,T,C,0.0300007,,,,,
18,rs55685325,53935,T,C,0.0300007,,,,,
18,rs55685325,53935,T,C,0.0300007,,,,,
19,rs75676091,272444,A,T,0.03022,,,,,0.695
13,rs181769684,19234038,A,G,0.0302397,,,,,0.201
18,rs113765455,103825,G,A,0.0302731,,,,,
10,rs61836358,261650,A,G,0.0303054,ENSG00000015171,,intron_variant,,4.557
14,rs61970466,19216685,C,T,0.0303768,,,,,2.33
14,rs61970466,19216685,C,T,0.0303768,,,,,
18,rs111720463,103855,G,A,0.0304357,,,,,3.727
20,rs115017123,63452,C,G,0.0306309,,,,,0.811
20,rs13038380,168241,G,A,0.0307377,,,,,2.375
20,rs13038380,168241,G,A,0.0307377,,,,,
6,rs114398037,250425,G,T,0.030753,,,,,
6,rs114398037,250425,G,T,0.030753,,,,,1.056
20,rs78477295,164924,A,G,0.0308801,,,,,13.78
9,rs62532024,177222,T,C,0.0309625,ENSG00000172785,,intron_variant,,1.74
18,rs67705913,145652,T,G,0.0312716,,,,,
18,rs67705913,145652,T,G,0.0312716,,,,,7.407
18,rs67705913,145652,T,G,0.0312716,,,,,
6,,382380,GC,G,0.0313416,,,,,
7,rs78867536,59448,T,C,0.0318665,,,,,2.813
7,rs78867536,59448,T,C,0.0318665,,,,,
7,rs78867536,59448,T,C,0.0318665,,,,,2.813
7,rs78867536,59448,T,C,0.0318665,,,,,
7,rs78867536,59448,T,C,0.0318665,,,,,2.813
7,rs78867536,59448,T,C,0.0318665,,,,,
7,rs78867536,59448,T,C,0.0318665,,,,,2.813
7,rs78867536,59448,T,C,0.0318665,,,,,
16,rs11865131,163667,G,A,0.0318742,ENSG00000103148,,intron_variant,,5.564
16,rs11865131,163667,G,A,0.0318742,ENSG00000103148,,intron_variant,,
6,rs538703770,321965,A,G,0.0322118,ENSG00000112679,,intron_variant,,
20,rs116770801,63967,A,G,0.0325601,,,,,5.153
17,rs8070440,27151,A,G,0.032831,,,,,
17,rs8070440,27151,A,G,0.032831,,,,,0.614
17,rs8070440,27151,A,G,0.032831,ENSG00000272636,,intron_variant,,
17,rs8070440,27151,A,G,0.032831,ENSG00000272636,,intron_variant,,0.614
16,rs7194649,215106,C,A,0.0328459,,,,,13.08
16,rs7194649,215106,C,A,0.0328459,,HBZP1,,,13.08
9,rs62532039,182890,A,G,0.0328589,,,,,
9,rs140762824,154367,C,G,0.0329906,ENSG00000172785,,intron_variant,,2.13
17,rs140796858,24036,G,A,0.0332391,,,,,7.513
17,rs140796858,24036,G,A,0.0332391,ENSG00000272636,,intron_variant,,7.513
16,rs7185768,165781,G,A,0.0332916,ENSG00000103148,,intron_variant,,
16,rs7185768,165781,G,A,0.0332916,ENSG00000103148,,intron_variant,,
16,rs7185768,165781,G,A,0.0332916,ENSG00000103148,,intron_variant,,0.772
14,rs539718097,19193452,A,G,0.0334371,,,,,
18,rs11080607,138601,A,G,0.0337776,,,,,2.679
18,rs11080607,138601,A,G,0.0337776,,,,,
15,rs615907,22474916,C,G,0.0338025,,,,,
15,rs615907,22474916,C,G,0.0338025,,,,,
15,rs615907,22474916,C,G,0.0338025,,,,,2.173
14,rs548271814,19603417,G,C,0.033872,,,,,
14,rs548271814,19603417,G,C,0.033872,,,,,
14,rs548271814,19603417,G,C,0.033872,,,,,
15,,22438274,CT,C,0.034086,,,,,
12,rs367731117,286512,C,G,0.0341117,ENSG00000120645,,3_prime_UTR_variant,,
12,rs367731117,286512,C,G,0.0341117,ENSG00000120645,,3_prime_UTR_variant,,
12,rs367731117,286512,C,G,0.0341117,ENSG00000120645,,3_prime_UTR_variant,,
12,rs60912613,286514,C,G,0.034117,ENSG00000120645,,3_prime_UTR_variant,,
1,rs28753393,787135,A,G,0.0341599,,,,,
1,rs28753393,787135,A,G,0.0341599,,,,,
1,rs28753393,787135,A,G,0.0341599,,,,,
12,rs73036112,234295,G,A,0.0342163,,,,,4.325
12,rs73036112,234295,G,A,0.0342163,ENSG00000120645,,intron_variant,,4.325
7,rs577887925,103227,A,ACCGCAT,0.034257,,,,,
7,rs577887925,103227,A,ACCGCAT,0.034257,,,,,
7,rs577887925,103227,A,ACCGCAT,0.034257,,,,,
7,rs577887925,103227,A,ACCGCAT,0.034257,,,,,
16,rs756653829,165518,CTT,C,0.0343459,ENSG00000103148,,intron_variant,,
20,rs143291093,61270,A,C,0.034422,,,,,3.63
12,rs534119968,286499,C,A,0.0345555,ENSG00000120645,,3_prime_UTR_variant,,
12,rs566469211,286498,T,A,0.0345737,ENSG00000120645,,3_prime_UTR_variant,,
18,rs2663678,128151,T,C,0.0346285,,,,,3.163
18,rs2663678,128151,T,C,0.0346285,,,,,
18,rs2663678,128151,T,C,0.0346285,,,,,
7,rs118077885,57792,G,C,0.0346545,,,,,
7,rs118077885,57792,G,C,0.0346545,,,,,0.533
7,rs118077885,57792,G,C,0.0346545,,,,,0.533
7,rs118077885,57792,G,C,0.0346545,,,,,0.533
7,rs118077885,57792,G,C,0.0346545,,,,,
7,rs118077885,57792,G,C,0.0346545,,,,,
7,rs118077885,57792,G,C,0.0346545,,,,,0.533
7,rs118077885,57792,G,C,0.0346545,,,,,
9,rs2757917,174774,A,G,0.0347318,ENSG00000172785,,intron_variant,,2.686
18,rs6505761,136630,C,T,0.0347455,,,,,8.305
17,rs113075245,48103,C,T,0.0348136,,,,,7.075
17,rs113075245,48103,C,T,0.0348136,,,,,
17,rs113075245,48103,C,T,0.0348136,,,,,
17,rs113075245,48103,C,T,0.0348136,,,,,7.075
13,rs143132938,19269281,C,T,0.0348479,,,,,2.41
9,,163790,G,A,0.0348995,,,,,
22,rs537917215,16859610,C,T,0.0350967,,,,,
22,rs537917215,16859610,C,T,0.0350967,,,,,
22,rs537917215,16859610,C,T,0.0350967,,,,,
22,rs537917215,16859610,C,T,0.0350967,,,,,
14,,19419573,T,A,0.035102,,,,,
18,rs201746645,126357,G,A,0.0351786,,,,,
20,rs17685809,69408,C,T,0.035206,ENSG00000178591,,intron_variant,,1.58
16,rs71139743,122579,G,GGC,0.0352066,ENSG00000007384,,5_prime_UTR_variant,,
3,rs36124306,163280,C,T,0.0353131,,,,,0.133
22,rs200387114,16641128,G,T,0.0354,,,,,
22,rs200387114,16641128,G,T,0.0354,,,,,
16,rs12918303,150862,G,A,0.035561,ENSG00000103148,,intron_variant,,
16,rs12918303,150862,G,A,0.035561,ENSG00000103148,,intron_variant,,0.372
16,rs12918303,150862,G,A,0.035561,ENSG00000103148,,intron_variant,,
22,rs2379834,16861711,A,G,0.0359796,,,,,
22,rs2379834,16861711,A,G,0.0359796,,,,,
22,rs2379834,16861711,A,G,0.0359796,,,,,
22,rs2379834,16861711,A,G,0.0359796,,,,,
22,rs2379834,16861711,A,G,0.0359796,,,,,
22,rs2379834,16861711,A,G,0.0359796,,,,,
18,,106599,G,A,0.0360616,,,,,
17,rs144959877,48551,A,G,0.0360765,,,,,0.85
17,rs144959877,48551,A,G,0.0360765,,,,,0.85
20,rs147842001,82209,G,A,0.0362823,,,,,1.923
18,rs201783016,106671,C,G,0.0366294,,,,,
18,rs201783016,106671,C,G,0.0366294,,,,,
15,rs677455,22709832,G,C,0.0366605,,,,,0.093
15,rs677455,22709832,G,C,0.0366605,,,,,0.093
15,rs677455,22709832,G,C,0.0366605,,,,,
15,rs677455,22709832,G,C,0.0366605,,,,,0.093
15,rs677455,22709832,G,C,0.0366605,,,,,
15,rs677455,22709832,G,C,0.0366605,,,,,
15,rs677455,22709832,G,C,0.0366605,,,,,
15,rs677455,22709832,G,C,0.0366605,,,,,0.093
16,rs11248853,166960,C,T,0.0367677,ENSG00000103148,NPRL3,intron_variant,,1.119
16,rs11248853,166960,C,T,0.0367677,ENSG00000103148,NPRL3,intron_variant,,
3,rs13071308,159252,A,G,0.0368008,,,,,2.772
1,rs553698348,773495,C,A,0.037053,,,,,
19,rs145311695,315759,A,G,0.0371695,ENSG00000105556,,intron_variant,,3.416
6,rs78179779,204484,G,A,0.0373678,,,,,2.412
20,rs73068355,80481,G,C,0.0375958,,,,,0.57
18,rs55744377,104726,C,T,0.0376709,,,,,2.459
18,rs55744377,104726,C,T,0.0376709,,,,,
18,rs55744377,104726,C,T,0.0376709,,,,,
16,,189188,CA,C,0.0377905,,,,,
22,rs12628520,16569666,G,C,0.0378925,,,,,
22,rs12628520,16569666,G,C,0.0378925,,,,,
22,rs12628520,16569666,G,C,0.0378925,,,,,
22,,16336835,GA,G,0.0380168,,,,,
9,,181149,G,C,0.0380316,,,,,
3,rs73011229,108614,A,G,0.0381778,,,,,
3,rs73011229,108614,A,G,0.0381778,,,,,1.564
9,rs62532146,104705,G,A,0.0382566,,,,,0.58
9,rs62532146,104705,G,A,0.0382566,,,,,
20,rs117461041,82220,C,T,0.0383187,,,,,
20,rs117461041,82220,C,T,0.0383187,,,,,0.243
20,rs117461041,82220,C,T,0.0383187,,,,,
3,rs13086488,159492,G,C,0.0384169,,,,,0.6
14,rs141449201,20180067,T,C,0.0385346,,,,,1.989
22,,16867617,G,C,0.0386889,,,,,
20,rs74271538,156769,G,T,0.0388956,,,,,1.499
14,rs558343012,19444880,C,T,0.0392058,,,,,
14,rs558343012,19444880,C,T,0.0392058,,,,,
14,rs558343012,19444880,C,T,0.0392058,,,,,
18,rs112617826,102671,A,T,0.0395179,,,,,
18,rs112617826,102671,A,T,0.0395179,,,,,
18,rs112617826,102671,A,T,0.0395179,,,,,
16,,160307,CA,C,0.0396056,,,,,
15,rs145002072,22564776,T,C,0.0396284,,,,,2.185
18,rs144580221,108059,G,A,0.0397585,,,,,
18,rs144580221,108059,G,A,0.0397585,,,,,
18,rs144580221,108059,G,A,0.0397585,,,,,
18,rs201683951,123247,T,C,0.0398445,,,,,
9,,180150,T,A,0.0398743,,,,,
22,rs9605945,16870590,A,G,0.0404857,,,,,
22,rs9605945,16870590,A,G,0.0404857,,,,,6.098
22,rs9605945,16870590,A,G,0.0404857,,,,,
22,rs9605945,16870590,A,G,0.0404857,,,,,6.098
9,rs2998944,174425,T,C,0.0405442,ENSG00000172785,,intron_variant,,2.037
22,rs5748012,16870891,G,A,0.0409043,,,,,5.526
22,rs5748012,16870891,G,A,0.0409043,,,,,5.526
22,rs5748012,16870891,G,A,0.0409043,,,,,7.638
22,rs5748012,16870891,G,A,0.0409043,,,,,7.638
22,rs71326240,16875337,G,A,0.0410848,,,,,1.983
22,rs71326240,16875337,G,A,0.0410848,,,,,1.983
2,rs553910757,23992,C,CT,0.0412982,,,,,
2,rs553910757,23992,C,CT,0.0412982,,,,,
2,rs553910757,23992,C,CT,0.0412982,,,,,
2,rs553910757,23992,C,CT,0.0412982,,,,,
12,,238771,G,GA,0.0413564,,,,,
1,rs115093905,787173,G,T,0.0414058,,,,,
1,rs115093905,787173,G,T,0.0414058,,,,,0.031
4,rs189831852,11355,C,A,0.0414456,,,,,9.988
4,rs189831852,11355,C,A,0.0414456,,,,,
18,rs56886126,106345,G,A,0.0414756,,,,,10.67
18,rs56886126,106345,G,A,0.0414756,,,,,
12,rs12578264,235760,G,A,0.0414818,,,,,3.431
12,rs12578264,235760,G,A,0.0414818,,,,,
12,rs12578264,235760,G,A,0.0414818,ENSG00000120645,,intron_variant,,
12,rs12578264,235760,G,A,0.0414818,ENSG00000120645,,intron_variant,,
12,rs12578264,235760,G,A,0.0414818,,,,,
12,rs12578264,235760,G,A,0.0414818,ENSG00000120645,,intron_variant,,3.431
9,,181340,C,G,0.041598,,,,,
3,rs10510178,157553,T,A,0.0416454,,,,,7.137
12,rs60070591,237404,T,C,0.0417036,ENSG00000120645,,intron_variant,,3.722
12,rs60070591,237404,T,C,0.0417036,,,,,3.722
22,rs201092785,16881645,C,A,0.0417327,,,,,
22,rs201092785,16881645,C,A,0.0417327,,,,,
18,rs547241273,15982,G,T,0.0418295,,,,,
18,rs60216786,106308,C,T,0.0421272,,,,,
18,rs60216786,106308,C,T,0.0421272,,,,,
18,rs57313953,106012,A,G,0.042167,,,,,10.73
20,,159227,C,CA,0.04223,,,,,
18,rs55665716,104374,T,A,0.0424565,,,,,2.118
18,rs55665716,104374,T,A,0.0424565,,,,,
3,rs71306189,159986,G,A,0.0425314,,,,,4.743
18,,118120,AT,A,0.0425543,,,,,
18,rs112342209,112689,T,G,0.0427295,,,,,4.134
18,rs57009807,105902,G,T,0.0428491,,,,,8.402
3,rs35035329,157051,G,GA,0.0430128,,,,,
3,rs35035329,157051,G,GA,0.0430128,,,,,
15,rs7179358,20191741,A,G,0.0430715,,,,,
15,rs7179358,20191741,A,G,0.0430715,,,,,
15,rs7179358,20191741,A,G,0.0430715,,,,,7.587
15,rs7179358,20191741,A,G,0.0430715,,,,,7.587
7,rs146724184,78231,C,T,0.0431075,,,,,2.639
7,rs146724184,78231,C,T,0.0431075,,,,,2.639
7,rs146724184,78231,C,T,0.0431075,,,,,2.639
7,rs146724184,78231,C,T,0.0431075,,,,,2.639
4,rs13138283,101685,A,G,0.0433233,,,,,2.483
18,rs55955859,104344,G,A,0.0433975,,,,,0.015
18,rs55955859,104344,G,A,0.0433975,,,,,
9,rs28784060,143016,G,C,0.0435971,ENSG00000172785,,intron_variant,,
15,rs372772934,22691436,G,C,0.0437226,,,,,13.47
15,rs372772934,22691436,G,C,0.0437226,,,,,12.19
15,rs372772934,22691436,G,C,0.0437226,,,,,13.47
15,rs372772934,22691436,G,C,0.0437226,,,,,12.19
15,rs372772934,22691436,G,C,0.0437226,,,,,12.19
15,rs372772934,22691436,G,C,0.0437226,,,,,13.47
15,rs372772934,22691436,G,C,0.0437226,,,,,12.19
15,rs372772934,22691436,G,C,0.0437226,,,,,13.47
6,rs377336025,381527,A,G,0.0438051,,,,,
22,rs138559161,16868784,C,G,0.0438595,,,,,6.501
22,rs138559161,16868784,C,G,0.0438595,,,,,6.501
8,rs572270767,170551,A,AC,0.0439649,,,,,
20,rs117829729,82216,C,T,0.0439905,,,,,2.048
18,rs28718110,101313,G,A,0.0440746,,,,,0.501
18,rs28718110,101313,G,A,0.0440746,,,,,
12,rs12312044,236281,C,T,0.0441055,ENSG00000120645,,intron_variant,,2.414
12,rs12312044,236281,C,T,0.0441055,,,,,2.414
3,rs35977634,161189,G,T,0.044114,,,,,0.459
12,rs57371943,239301,G,C,0.0441352,,,,,
12,rs57371943,239301,G,C,0.0441352,ENSG00000120645,,intron_variant,,0.318
12,rs57371943,239301,G,C,0.0441352,,,,,0.318
12,rs57371943,239301,G,C,0.0441352,ENSG00000120645,,intron_variant,,
6,,291051,CTT,C,0.0441423,,,,,
18,rs8094825,113729,A,C,0.04415,,,,,2.588
18,rs8094825,113729,A,C,0.04415,,,,,
18,rs200686819,114353,C,T,0.0447258,,,,,
18,rs8098887,113613,T,C,0.0455179,,,,,2.731
18,rs8098887,113613,T,C,0.0455179,,,,,
20,rs138610676,156018,C,T,0.0455591,,,,,
20,rs138610676,156018,C,T,0.0455591,,,,,
20,rs138610676,156018,C,T,0.0455591,,,,,3.194
18,rs7228004,124130,G,A,0.045628,,,,,
18,rs7228004,124130,G,A,0.045628,,,,,
7,rs74448410,82715,C,A,0.0456341,,,,,0.327
7,rs74448410,82715,C,A,0.0456341,,,,,
7,rs74448410,82715,C,A,0.0456341,,,,,
7,rs74448410,82715,C,A,0.0456341,,,,,
7,rs74448410,82715,C,A,0.0456341,,,,,
7,rs74448410,82715,C,A,0.0456341,,,,,0.327
7,rs74448410,82715,C,A,0.0456341,,,,,
7,rs74448410,82715,C,A,0.0456341,,,,,
7,rs74448410,82715,C,A,0.0456341,,,,,0.327
7,rs74448410,82715,C,A,0.0456341,,,,,
7,rs74448410,82715,C,A,0.0456341,,,,,0.327
7,rs74448410,82715,C,A,0.0456341,,,,,
18,rs34934818,101282,G,T,0.0456992,,,,,
18,rs34934818,101282,G,T,0.0456992,,,,,
18,rs34934818,101282,G,T,0.0456992,,,,,
12,rs146894138,232983,A,T,0.0457311,ENSG00000120645,,intron_variant,,0.762
12,rs146894138,232983,A,T,0.0457311,,,,,0.762
9,rs62532018,174427,G,A,0.0457429,ENSG00000172785,,intron_variant,,
9,rs62532018,174427,G,A,0.0457429,ENSG00000172785,,intron_variant,,2.095
18,rs142753524,114228,G,A,0.0458096,,,,,0.155
18,rs142753524,114228,G,A,0.0458096,,,,,
1,,625371,T,C,0.0459503,,,,,
21,rs200528604,14538052,A,AT,0.0459816,,,,,
21,rs200528604,14538052,A,AT,0.0459816,,,,,
21,rs200528604,14538052,A,AT,0.0459816,,,,,
18,rs8092020,114131,C,T,0.0459924,,,,,11.07
6,rs34184773,221322,C,T,0.0460326,,,,,7.229
6,rs34184773,221322,C,T,0.0460326,,,,,
9,,141678,T,G,0.046049,,,,,
22,rs138513313,16881523,T,A,0.0461708,,,,,2.463
22,rs138513313,16881523,T,A,0.0461708,,,,,2.463
18,rs4797475,120221,G,T,0.0462047,,,,,
18,rs4797475,120221,G,T,0.0462047,,,,,0.912
22,rs201671851,16881563,G,A,0.046269,,,,,
22,rs201671851,16881563,G,A,0.046269,,,,,
15,rs367670725,22540145,T,C,0.046343,,,,,
18,,124431,T,C,0.0464721,,,,,
22,,16867600,G,A,0.0465711,,,,,
9,rs2360231,177907,A,T,0.0466294,ENSG00000172785,,intron_variant,,2.251
3,rs17325947,156170,C,T,0.0467215,,,,,2.575
3,rs17325947,156170,C,T,0.0467215,,,,,
18,rs56115962,99938,G,T,0.0467272,,,,,0.097
18,rs2847096,115574,G,A,0.047395,,,,,
18,rs2847096,115574,G,A,0.047395,,,,,5.094
15,rs368442531,22298294,C,T,0.047672,,,,,0.035
15,rs368442531,22298294,C,T,0.047672,,,,,0.033
15,rs368442531,22298294,C,T,0.047672,,,,,0.035
15,rs368442531,22298294,C,T,0.047672,,,,,0.033
19,rs74962951,288965,G,C,0.047741,ENSG00000141934,,intron_variant,,0.263
18,rs55756034,104547,A,G,0.0477596,,,,,1.642
18,rs55756034,104547,A,G,0.0477596,,,,,
8,rs141560871,220761,C,T,0.0477834,,,,,0.051
18,rs56276932,99950,C,A,0.0477896,,,,,
18,rs56276932,99950,C,A,0.0477896,,,,,1.737
6,rs2671423,373798,G,A,0.0479099,,,,,
6,rs140720070,283725,G,A,0.0480244,,,,,
6,rs140720070,283725,G,A,0.0480244,,,,,1.362
17,rs543127679,70646,G,A,0.0480274,ENSG00000181031,,intron_variant,,
17,rs543127679,70646,G,A,0.0480274,,,,,
18,rs199584166,103193,G,C,0.0480923,,,,,
18,rs199584166,103193,G,C,0.0480923,,,,,
18,rs199584166,103193,G,C,0.0480923,,,,,
18,,103204,A,G,0.0481671,,,,,
12,rs12814097,256825,T,C,0.0482765,,,,,4.13
12,rs12814097,256825,T,C,0.0482765,ENSG00000120645,,intron_variant,,4.13
17,rs55708732,87007,A,G,0.0486289,ENSG00000181031,,intron_variant,,2.598
17,rs55708732,87007,A,G,0.0486289,,,,,2.598
12,rs74879492,223258,C,T,0.0486927,,,,,2.57
12,rs74879492,223258,C,T,0.0486927,ENSG00000120645,,intron_variant,,2.57
1,,115729,GCACA,G,0.0490269,,,,,
10,rs117759552,217492,A,G,0.0490833,ENSG00000015171,,intron_variant,,8.317
13,rs148199245,19265676,T,C,0.0491684,,,,,1.389
18,rs4239292,120245,C,T,0.0491968,,,,,3.668
9,,186614,T,C,0.0499651,,,,,
3,rs66525905,161944,G,A,0.0499664,,,,,
3,rs66525905,161944,G,A,0.0499664,,,,,3.025
